"DESCRIPTION","DURATION IN MS","NAME","PARENT SUITE","START TIME","STATUS","STOP TIME","SUB SUITE","SUITE","TEST CLASS","TEST METHOD"
"UserDetails should be able shown","1003","Verifyif the UserDetails API response is shown correctly","Phoenix API test Suite","Sun Oct 11 02:00:50 UTC 2026","passed","Sun Oct 11 02:00:51 UTC 2026","com.api.tests.UserDetailsAPITest","Inwarranty Flow Test","com.api.tests.UserDetailsAPITest","userDetailsAPITest"
"FD should be able to search Job","495","Verify if search api is correct response","Phoenix API test Suite","Sun Oct 11 02:00:55 UTC 2026","passed","Sun Oct 11 02:00:55 UTC 2026","com.api.tests.SearchAPITest","Inwarranty Flow Test","com.api.tests.SearchAPITest","verifySearchAPIResponse"
"Job Count Data is shown correctly","613","Verify if count api is correct response","Phoenix API test Suite","Sun Oct 11 02:00:52 UTC 2026","passed","Sun Oct 11 02:00:52 UTC 2026","com.api.tests.CountAPITest","Inwarranty Flow Test","com.api.tests.CountAPITest","verifyCountAPIResponse"
"FD should be able to create Job","550","Verify if create job api is able to create Inwarranty job","Phoenix API test Suite","Sun Oct 11 02:00:53 UTC 2026","failed","Sun Oct 11 02:00:54 UTC 2026","com.api.tests.CreateJobAPITest","Inwarranty Flow Test","com.api.tests.CreateJobAPITest","CreateJobAPITest"
"Correct status code is shown for invalid token","455","Verify if master api is correct status code for invalid token","Phoenix API test Suite","Sun Oct 11 02:00:53 UTC 2026","passed","Sun Oct 11 02:00:53 UTC 2026","com.api.tests.MasterAPITest","Inwarranty Flow Test","com.api.tests.MasterAPITest","invalidTokenMasterAPITest"
"Verify if FD user is able to login via api","3168","Verifying if login api is working for FD user","Phoenix API test Suite","Sun Oct 11 02:00:47 UTC 2026","passed","Sun Oct 11 02:00:50 UTC 2026","com.api.tests.LoginAPITest","Inwarranty Flow Test","com.api.tests.LoginAPITest","loginAPITest"
"Job Details is shown correctly for FD","488","Verify if details api is correct response","Phoenix API test Suite","Sun Oct 11 02:00:54 UTC 2026","passed","Sun Oct 11 02:00:55 UTC 2026","com.api.tests.DetailsAPITest","Inwarranty Flow Test","com.api.tests.DetailsAPITest","verifyDetailAPIResponse"
"Status code for invalid token is shown correctly","624","Verify if count api is correct status code for invalid token","Phoenix API test Suite","Sun Oct 11 02:00:51 UTC 2026","passed","Sun Oct 11 02:00:52 UTC 2026","com.api.tests.CountAPITest","Inwarranty Flow Test","com.api.tests.CountAPITest","countAPITest_MissingAuthToken"
"Master API should bring OEM details,Problem type,Warranty Status","646","Verify if master api is correct response","Phoenix API test Suite","Sun Oct 11 02:00:52 UTC 2026","passed","Sun Oct 11 02:00:53 UTC 2026","com.api.tests.MasterAPITest","Inwarranty Flow Test","com.api.tests.MasterAPITest","MasterAPITest"
